,comment,reference,labels
0,пхп умерло в году. если свой сайт сделаю то проще будет работку найти.,"программирования тред, обсуждаем языки и технологии разработки",1
1,"php это ковырялки легаси, плохая производительность и scaling. в бекэнде пока что только go из нормальных языков.","программирования тред, обсуждаем языки и технологии разработки",1
2,"не позорь go сообщество, чушь несешь.","программирования тред, обсуждаем языки и технологии разработки",1
3,"после установки git появились git cmd и git bash. для чего они нужны, если команды git работают при наборе в cmd. exe. чтобы git каждый раз к имени команды не прибавлять.","программирования тред, обсуждаем языки и технологии разработки",1
4,даров где можно скачать какие нибудь паки картинок по категориям. по штук для разных категорий.,"программирования тред, обсуждаем языки и технологии разработки",0
5,животноемлекопитающеекотиккотомaльчик,"программирования тред, обсуждаем языки и технологии разработки",0
6,так и предполагается. что именно требуется сделать.,"программирования тред, обсуждаем языки и технологии разработки",0
7,ромбовидное наследование. не обращай внимания.,"программирования тред, обсуждаем языки и технологии разработки",1
8,пол байта это или бит.,"программирования тред, обсуждаем языки и технологии разработки",1
9,"сап анон, подскажи сайт с фрилансерами для лайтовых задач. типа решения лаб и т. д.","программирования тред, обсуждаем языки и технологии разработки",1
10,помогите есть кто со знанием инженера асутп по электросчетчикам.,"программирования тред, обсуждаем языки и технологии разработки",1
11,как мне попасть в б без регистрации.,"программирования тред, обсуждаем языки и технологии разработки",0
12,ооп на с лафоре норм книга.,"программирования тред, обсуждаем языки и технологии разработки",0
13,"ты не понимаешь сути pr, здесь школоло, вайтишники и неосиляторы тралят друг друга.","программирования тред, обсуждаем языки и технологии разработки",0
14,"анон, сколько может в среднем нафрилансить вебмакака со знаниями html, css и php в месяц.","программирования тред, обсуждаем языки и технологии разработки",1
15,"поцоны, пытаюсь решить задачу на двумерную упаковкураскрой, хочу получить что то подобное.","программирования тред, обсуждаем языки и технологии разработки",1
16,"аноны, горит проект, игра жизнь на чистом html, я вообще на энергетика учусь, а тут такое задали. у кого нибудь есть примеры.","программирования тред, обсуждаем языки и технологии разработки",1
17,"get запрос и проверка редиректа, ищешь любой хостенг с php cron jobs email рассылка","программирования тред, обсуждаем языки и технологии разработки",1
18,есть ли в природе эмуляторы для cortex mf.,"программирования тред, обсуждаем языки и технологии разработки",1
19,бамп вопросу. апреля позади.,"программирования тред, обсуждаем языки и технологии разработки",0
20,"алан бьюли, изучаем sql.","программирования тред, обсуждаем языки и технологии разработки",1
21,"доброе утро, господа. реквестирую. .. алгоритм деления в столбик. нет, серьзно я не могу придумать универсальные алгоритм, в т. ч. для дробных чисел.","программирования тред, обсуждаем языки и технологии разработки",1
22,что go. ваканcий на headhunter по россии.,"программирования тред, обсуждаем языки и технологии разработки",1
23,какой порядок цен на перевод аккаунта на форуме в состояние вечного бана. движок у форума vbulletin.,"программирования тред, обсуждаем языки и технологии разработки",1
24,"ищу библиотеку словарь на любом языке для нормализации имен. например parseсашенька, female александра. буду очень благодарен за ссылки. яп любой.","программирования тред, обсуждаем языки и технологии разработки",1
25,"спасибо. на этом вообще реально деньги зарабатывать, хотя бы к в месяц.","программирования тред, обсуждаем языки и технологии разработки",0
26,"сап уважаемые программисты, мне надо прогу для дипломной написать, хотя я по специальности судовождение. какой самый лгкий язык для написания.","программирования тред, обсуждаем языки и технологии разработки",1
27,"обычно первокурсники в россии изучают язык си. это не очень плохая идея в той части, что большинство языков имеют сиподобный синтаксис.","программирования тред, обсуждаем языки и технологии разработки",1
28,гугли про группы захвата и квантор ?,"программирования тред, обсуждаем языки и технологии разработки",1
29,чего ты ругаешься.,"программирования тред, обсуждаем языки и технологии разработки",0
30,ну это вообще какойто изи мод.,"программирования тред, обсуждаем языки и технологии разработки",0
31,"поясните, пожалуйста, как постить через ch api. я не понимаю, что нужно с капчей делать, пытаюсь отправить тестовый запрос выдает, что капча неверна.","программирования тред, обсуждаем языки и технологии разработки",1
32,"складывается впечатление, что проект писал какойто маг. а на самом деле его писал дебил.","программирования тред, обсуждаем языки и технологии разработки",0
33,укуривайся справочниками по архитектуре пк.,"программирования тред, обсуждаем языки и технологии разработки",1
34,тогда страдай.,"программирования тред, обсуждаем языки и технологии разработки",0
35,"потому что пердольось зделана разработчиками добровольцами под себя, больше ни для чего она не годится.","программирования тред, обсуждаем языки и технологии разработки",1
36,"капай дистилированую воду, и моргай чаще, от визина хуже будет.","программирования тред, обсуждаем языки и технологии разработки",0
37,лет пять назад портировал один чужой проект на тогда еще новую платформу. асло он был выложен под лицензией уровня зацените поцаны.,"программирования тред, обсуждаем языки и технологии разработки",1
38,"сап, анон. посоветую где можно купить норм курсач по программированию.","программирования тред, обсуждаем языки и технологии разработки",0
39,"утромвечером использую капли крем вокруг глаз, чтобы кругов не было и опухлость снять.","программирования тред, обсуждаем языки и технологии разработки",0
40,"паскаль лучший вариант для первого языка. он более строгий и детальный, по сравнению с тем же питоном.","программирования тред, обсуждаем языки и технологии разработки",1
41,"саганул случайно, виноват.","программирования тред, обсуждаем языки и технологии разработки",0
42,на степике курс пройди основы linux.,"программирования тред, обсуждаем языки и технологии разработки",1
43,подай в суд. зарепортил подпиндосника.,"программирования тред, обсуждаем языки и технологии разработки",0
44,денег дай.,"программирования тред, обсуждаем языки и технологии разработки",0
45,ктонить брал курсы на гикбрейнсе.,"программирования тред, обсуждаем языки и технологии разработки",1
46,ммм. нейроночки. распознования всякие. звучит годно,"программирования тред, обсуждаем языки и технологии разработки",1
47,в универе вс относительно бессмысленно.,"программирования тред, обсуждаем языки и технологии разработки",0
48,"спокойнее, анончик. совсем так нервы посадишь, это не дело.","программирования тред, обсуждаем языки и технологии разработки",0
49,"суп двошь. выручи книгой по ассемблеру, с уклоном на процы серии моторола к, на русском. я знаю, их у тебя есть.","программирования тред, обсуждаем языки и технологии разработки",1
50,"я новичок, пока другие продолжают ныть что у них нет стартового капитала и ещ чего то я делаю.","программирования тред, обсуждаем языки и технологии разработки",0
51,про tarantool кто что может сказать. стоит ли связываться. а миго браузер в комплекте будет.,"программирования тред, обсуждаем языки и технологии разработки",1
52,"а мне хочется на макбуках руби писать. ух, как открою макбук, так сразу борода шелковистее становится.","программирования тред, обсуждаем языки и технологии разработки",1
53,"ууу. набижали ссаные хипсторыньюфаги на вимах. вот в наше то время, загрузил с перфокарты емакс и регистры на калькуляторе.","программирования тред, обсуждаем языки и технологии разработки",1
54,соблюдайте технику безопасности.,"программирования тред, обсуждаем языки и технологии разработки",0
55,"вкатиться в апворк просто, достаточно поставить баксов в час и приличное резюме.","программирования тред, обсуждаем языки и технологии разработки",1
56,макак много. программистов нещадно мало.,"программирования тред, обсуждаем языки и технологии разработки",1
57,"objectivec. сам язык очень простой там реально с с классами с минимум добавлений к синтаксису с. он правда несколько специфичен, но это мелочи.","программирования тред, обсуждаем языки и технологии разработки",1
58,"аноны, у меня скоро будет предмет системное программирование. сейчас есть пара свободных дней. какие книги есть по этой теме.","программирования тред, обсуждаем языки и технологии разработки",1
59,"посоветуйте, пожалуйста, таймтрекер или калькулятор времени.","программирования тред, обсуждаем языки и технологии разработки",1
60,двачую этого.,"программирования тред, обсуждаем языки и технологии разработки",0
61,проверь кодировку в редакторе,"программирования тред, обсуждаем языки и технологии разработки",1
62,"tovik. ru. ч, решил в опт вкатиться.","программирования тред, обсуждаем языки и технологии разработки",0
63,нужно писать код.,"программирования тред, обсуждаем языки и технологии разработки",1
64,"деньги как раз есть. купи сервер за пару баксов и залей, в чем проблема.","программирования тред, обсуждаем языки и технологии разработки",0
65,тонны нефти тебе добрый человек.,"программирования тред, обсуждаем языки и технологии разработки",0
66,тетрис написал уже.,"программирования тред, обсуждаем языки и технологии разработки",1
67,"спасибо, братан.","программирования тред, обсуждаем языки и технологии разработки",0
68,"я ньюфаг. посоветуйте литературы на тему различий между языками программирования, небольшой экскурс в тему, написанный понятным для ньюфага языком.","программирования тред, обсуждаем языки и технологии разработки",1
69,"в смысле перегонять. напиши свой парсер и перегоняй по частям, если вс не нужно.","программирования тред, обсуждаем языки и технологии разработки",1
70,как такое уравнение в матлабе решить. вообще не разбираюсь в программировании.,"программирования тред, обсуждаем языки и технологии разработки",1
71,почему нельзя джаву скомпилировать сразу в нативный код чтобы миновать jvm.,"программирования тред, обсуждаем языки и технологии разработки",1
72,"алеша, игры и нагруженные задачи типа биллинга это далеко не от всех задач.","программирования тред, обсуждаем языки и технологии разработки",1
73,"пагни, перекотите ктонибудь тред с плюсами.","программирования тред, обсуждаем языки и технологии разработки",0
74,"nosql баз миллиард, каждая посвоему работает.","программирования тред, обсуждаем языки и технологии разработки",1
75,"не забудь реку свою сделать, размеров с квартиру. как в старину.","программирования тред, обсуждаем языки и технологии разработки",1
76,"же, вроде даже жава не сост уже. на крайняк есть c.","программирования тред, обсуждаем языки и технологии разработки",1
77,почему такой код на cuda,"программирования тред, обсуждаем языки и технологии разработки",1
78,"пожалуйте в poрашу, сударь.","программирования тред, обсуждаем языки и технологии разработки",0
79,"писать на с можно, но зачем.","программирования тред, обсуждаем языки и технологии разработки",1
80,"репостну из жабатреда, все молчат. надо запилить простое приложение с бд. что взять.","программирования тред, обсуждаем языки и технологии разработки",1
81,пхп возьми.,"программирования тред, обсуждаем языки и технологии разработки",1
82,общество анонимных dba.,"программирования тред, обсуждаем языки и технологии разработки",0
83,девопса не существует.,"программирования тред, обсуждаем языки и технологии разработки",1
84,"в понедельник настрою, товарищ начальник.","программирования тред, обсуждаем языки и технологии разработки",0
85,"какие страшные вещи рассказываешь, ты меня пугаешь.","программирования тред, обсуждаем языки и технологии разработки",0
86,"ты академические работы читал. цифры видел. они же смешные, обучение без учителя это технология завтрашнего дня и бизнес за нее платить не будет.","программирования тред, обсуждаем языки и технологии разработки",1
87,посоветуйте музыки и фильмов про java.,"программирования тред, обсуждаем языки и технологии разработки",1
88,от себя рекомендую задачки на codewars для практики.,"программирования тред, обсуждаем языки и технологии разработки",1
89,"не касался жс примерно полгода, накидайте кейвордов, что там сейчас модно в последние недели.","программирования тред, обсуждаем языки и технологии разработки",1
90,"предлагаю сделать электронное государство, гражданином которого сможет стать любой, как в эстонии.","программирования тред, обсуждаем языки и технологии разработки",0
91,они допилили асинхронный сервер он полноценный или какаято заглушка еще.,"программирования тред, обсуждаем языки и технологии разработки",1
92,оба варианта хороши. но если смотреть на год вперед я бы выбрал vue.,"программирования тред, обсуждаем языки и технологии разработки",1
93,"запилил рабинакарпа для множества образцов, работает в десятки, если не сотни, раз быстрее. даже хэш считать не пришлось, unorderedset само вс делает.","программирования тред, обсуждаем языки и технологии разработки",1
94,делаю привязку datetime к столбцу listview и дата у меня на английском языке. где и как нужно прикрутить переход на ruru.,"программирования тред, обсуждаем языки и технологии разработки",1
95,"он через pip не распространяется, качай с сайта.","программирования тред, обсуждаем языки и технологии разработки",1
96,одно другому не мешает как бы. что мешает пускать по кругу данные без умных указателей.,"программирования тред, обсуждаем языки и технологии разработки",1
97,"что поучить. сейчас работаю иосникомобжси и свифт, думаю какой новый язык начать для себя.","программирования тред, обсуждаем языки и технологии разработки",1
98,"у меня как раз дома кодинг сопоставим с поддержкой нормального скилла. на работе запрещают писать нормально, т. к. нужно, чтобы было быстро.","программирования тред, обсуждаем языки и технологии разработки",1
99,"лол попробуй нормальный проект в виме держать. с тестами, покрытием, дебагом. пальцев не хватит.","программирования тред, обсуждаем языки и технологии разработки",1
100,а куда делся список тредов по языкам программирования.,"программирования тред, обсуждаем языки и технологии разработки",1
101,"здаровча. язык свопрос серьезный. вот объявили class apa тут всякие паблики, приваты звездочкаapaчто означает звездочкаapa.","программирования тред, обсуждаем языки и технологии разработки",1
102,это значит что тебе рано кресты учить. попробуй в паскаль вкатиться.,"программирования тред, обсуждаем языки и технологии разработки",1
103,если определено в функции определение локального класа apa и создание указателя apa на него.,"программирования тред, обсуждаем языки и технологии разработки",1
104,"программирование на с калечит мозг, поэтому обучение ему должно трактоваться как преступление.","программирования тред, обсуждаем языки и технологии разработки",1
105,хаскель как.,"программирования тред, обсуждаем языки и технологии разработки",1
106,"почему разница в производительности почти в раза в пользу amp, и при этом потребление памяти у куды мб, у ампа ?amp","программирования тред, обсуждаем языки и технологии разработки",1
107,gpgpu библиотека сделанная из dx.,"программирования тред, обсуждаем языки и технологии разработки",1
108,"сап, програмач. делать нехуй, решил освоить какойнибудь язык программирования, легкий и интересный. с чего начать.","программирования тред, обсуждаем языки и технологии разработки",1
109,"сап, программач. что скажешь насчет sicp. стоит ли осваивать. прочитал содержание, выглядит захватывающе","программирования тред, обсуждаем языки и технологии разработки",1
110,второй вариант выглядит получше остальных.,"программирования тред, обсуждаем языки и технологии разработки",0
111,"спасибо. послушаю, мб еще ктонибудь подскажет что, если нет то буду так делать","программирования тред, обсуждаем языки и технологии разработки",0
112,"аноны, надоело преподавать математику и физику в своей шараге за копейки начал деградировать уже. хочу перекатиться в it.","программирования тред, обсуждаем языки и технологии разработки",0
113,бамп вопросу,"программирования тред, обсуждаем языки и технологии разработки",0
114,это никак не поможет.,"программирования тред, обсуждаем языки и технологии разработки",0
115,okay.,"программирования тред, обсуждаем языки и технологии разработки",0
116,хочешь сказать я из сикпа никаких знаний не почерпну. изучение haskell тоже нинужно.,"программирования тред, обсуждаем языки и технологии разработки",1
117,"бывают ли охуенно серьзные, не мертвые языки, с исключительно серьзными комьюнити из научных работников с полнейшим отсевом индусов, говноедов, детей и прочее.","программирования тред, обсуждаем языки и технологии разработки",1
118,"обоже, ответ по делу на русском форуме без иронии, вот уж охуетьзаебали шутники уже, куда от них деться.","программирования тред, обсуждаем языки и технологии разработки",0
119,"вообще в научной среде питон используют активно, есть куча библиотек под все, но твоим критериям он вообще не соответствует лол.","программирования тред, обсуждаем языки и технологии разработки",1
120,я неск недель назад,"программирования тред, обсуждаем языки и технологии разработки",0
121,благодарю,"программирования тред, обсуждаем языки и технологии разработки",0
122,они тоже смотрят урганта и пьют смуззи. я бы на них в суд подал за такое.,"программирования тред, обсуждаем языки и технологии разработки",0
123,"нет, они бы за пару недель не сомгли создать такое приложение","программирования тред, обсуждаем языки и технологии разработки",1
124,это офиц приложение от эпплно руки у меня все равно опустилисьюююююююююю,"программирования тред, обсуждаем языки и технологии разработки",0
125,ты просто недооцениваешь их смуззи. ты такого никогда не пил.,"программирования тред, обсуждаем языки и технологии разработки",0
126,"у меня баттхерт что как только я придумал классную идею, эппл уже выпустила готовый продукт на рынок","программирования тред, обсуждаем языки и технологии разработки",0
127,"анон, есть идеи, какую тему можно взять на диплом. работа должна обладать практической ценностью, но при этом не быть унылым говном.","программирования тред, обсуждаем языки и технологии разработки",0
128,"аноны, помогите плс тупой пизде с лабами по программированию на джаве. пишу половину кода, а на другую мозгов не хватает или упускаю малые детали.","программирования тред, обсуждаем языки и технологии разработки",1
129,guixqucs если из электроникисистема интрнет голосований bitmessage electionvoting systemобучаемый фильтр для upwork,"программирования тред, обсуждаем языки и технологии разработки",1
130,по долгу фуллстек джависта задался вопросом а где на двачах обитают верстальщики.,"программирования тред, обсуждаем языки и технологии разработки",1
131,наверное там очень серьзные люди. тут кроме шутников никого не осталось.,"программирования тред, обсуждаем языки и технологии разработки",0
132,"ну странный вопрос, везде есть адекваты и неадекваты, походи по тредам, почитай.","программирования тред, обсуждаем языки и технологии разработки",0
133,c programming language. больше ничего нет.,"программирования тред, обсуждаем языки и технологии разработки",1
134,"есть какойнибудь сайт где раздаются оплачиваемые задания для программистов на удаленной работе, как на доске объявлений в ведьмаке.","программирования тред, обсуждаем языки и технологии разработки",1
135,"хочу запилить свой сервер на питоне. чтобы по tcp или http можно было отправлять данные из клиента, а он с sql чтонибудь делал и хтмэльку генерировал.","программирования тред, обсуждаем языки и технологии разработки",1
136,нужно найти в tsql список блюд ценою в интервале от до почему когда выбираю у меня перемножаются два столбика. как сделать правильно,"программирования тред, обсуждаем языки и технологии разработки",1
137,"потому что ты ебанул декартово произведение. тебе нужен либо join, либо ты вообще просто селект","программирования тред, обсуждаем языки и технологии разработки",1
138,зачем тредто удалили того студента. может это был бы тредзадач.,"программирования тред, обсуждаем языки и технологии разработки",0
139,у меня горит что както удалили этот тред,"программирования тред, обсуждаем языки и технологии разработки",0
140,вс никак не могу начать начать начинать вкатываться,"программирования тред, обсуждаем языки и технологии разработки",0
141,"блядь, а ведь три с хуем месяца прошло, он уже на работе работает, инфа","программирования тред, обсуждаем языки и технологии разработки",0
142,"аноний, есть два стулано для начала предыстория. я тут был некогда типичным вкатывальщиком уровня pr, но в отличии от легиона до меня я свою цель не бросал.","программирования тред, обсуждаем языки и технологии разработки",0
143,"от человека зависит, главное алгоритмическое мышление и умение разбивать задачу на подзадачи. а cs это по сути дискретная математика.","программирования тред, обсуждаем языки и технологии разработки",1
144,"потому что кодомакак программистов дохуя, а знающих специалистов cisco немного, а нужны они всем.","программирования тред, обсуждаем языки и технологии разработки",1
145,в чем суть. что за знания такие они знают.,"программирования тред, обсуждаем языки и технологии разработки",0
146,"парень. деньги это не про знания. суть в том что у тебя что редкое, и демпингующие дегенераты не набижали в твою нишу и не обрушили рынок. редкая хуйня.","программирования тред, обсуждаем языки и технологии разработки",0
147,"говнопрограмм дохуя и из них нахуй не нужны, а через сетевые устройства cisco ежесекундно прогоняются зиллионы данных.","программирования тред, обсуждаем языки и технологии разработки",1
148,"манагеров евангелируют этот ваш скрам пока один программист сычов пишет код блять. начальников у него мало. дядя, лови наркомана.","программирования тред, обсуждаем языки и технологии разработки",1
149,пили свою фирму чо как лох.,"программирования тред, обсуждаем языки и технологии разработки",0
150,"главное не учи swift, c, visual basic, и подобное говно.","программирования тред, обсуждаем языки и технологии разработки",1
151,"парни, иррационально вспомнил одного чувака. гулял по программачу, или пикчи с ним, не знаю кто он такой, просто вспомнил его почемуто. такой, сука, внезапно в очочках.","программирования тред, обсуждаем языки и технологии разработки",0
152,нужен алгоритм генерации заданного количества т. е. не обязательно всех возможных комбинаторных сочетаний без повторений с максимальной разницей между сочетаниями.,"программирования тред, обсуждаем языки и технологии разработки",1
153,"доброе утро, господа фрилансеры. у меня снова вопрос для специальной олимпиады, а именно по длинному делению.","программирования тред, обсуждаем языки и технологии разработки",1
154,"хочу делать ии, какой язык учить.","программирования тред, обсуждаем языки и технологии разработки",1
155,зелный чтоли.,"программирования тред, обсуждаем языки и технологии разработки",0
156,"горит курсовая по теме аудио конвертер на delphi. сам сделать не успею, а найти не смог. помохите","программирования тред, обсуждаем языки и технологии разработки",1
157,нужна помощь. прога вычисляющая неопределенный интеграл из функции которую вводит юзер. сдача курсовой поджимает,"программирования тред, обсуждаем языки и технологии разработки",1
158,на чм можно запилить программу чтобы совместить все найденные поисковики под одной крышей и сделать поиск по определенным расширениям.,"программирования тред, обсуждаем языки и технологии разработки",1
159,"сам придумал. пиздец, в универе я такое говно за минут решал, а тут полдня раздумывал. крудошлепство все мозги выжигает","программирования тред, обсуждаем языки и технологии разработки",1
160,"ты, случаем, не лотерею решил взломать.","программирования тред, обсуждаем языки и технологии разработки",0
161,"подскажите, пожалуйста, вменяемый vpsхостинг рублей и с оплатой по яндексденьгам. и желательно чтобы на диске было свободно хотя бы гб.","программирования тред, обсуждаем языки и технологии разработки",1
162,"сап. язык c в шарпе почти ноль, в ооп в принципе тоже. знаю только процедурную часть плюсов.","программирования тред, обсуждаем языки и технологии разработки",1
163,ты в конструкторе целочисленному типы присваиваешь значение ссылочного. null ! мимо анон с поста про шарп,"программирования тред, обсуждаем языки и технологии разработки",1
164,"посоны, все, наверное, знают про стеганографические программки, которые прячут инфу в картинках","программирования тред, обсуждаем языки и технологии разработки",0
165,все абсолютно через жопу прост.,"программирования тред, обсуждаем языки и технологии разработки",0
166,не помогло,"программирования тред, обсуждаем языки и технологии разработки",0
167,ох лол. у тебя память под хранение строк не выделяется. char name и тд,"программирования тред, обсуждаем языки и технологии разработки",1
168,ты же упоротый.,"программирования тред, обсуждаем языки и технологии разработки",0
169,быстрофикс,"программирования тред, обсуждаем языки и технологии разработки",0
170,вот.,"программирования тред, обсуждаем языки и технологии разработки",0
171,препод сказал нужно использовать char потом нужно операции перегружать,"программирования тред, обсуждаем языки и технологии разработки",1
172,"спасибо, анон, няшек тебе.","программирования тред, обсуждаем языки и технологии разработки",0
173,"твой препод сломался, несите другого.","программирования тред, обсуждаем языки и технологии разработки",0
174,стоит ли заморачиваться с написанием python модуля для zmap и говнокодингом многопоточности он ведь и так очень быстрый для сканера оче больших подсетей ipv.,"программирования тред, обсуждаем языки и технологии разработки",1
175,вопрос по синтаксису питона.,"программирования тред, обсуждаем языки и технологии разработки",1
176,"никак, первый метод ждет словарь, а ему прилетает позиционный аргумент.","программирования тред, обсуждаем языки и технологии разработки",1
177,багос как есть. спасибки.,"программирования тред, обсуждаем языки и технологии разработки",0
178,"блин я тоже ошибся, первый метод не словарь ждет, а набор типо ffoo, bar. поэтому и нельзя передать просто словарь одним значением","программирования тред, обсуждаем языки и технологии разработки",1
179,"хы, можно.","программирования тред, обсуждаем языки и технологии разработки",0
180,бампану,"программирования тред, обсуждаем языки и технологии разработки",0
181,"да, first действительно годнота, но если нужно под почту, то лучше брать kvm тарифы","программирования тред, обсуждаем языки и технологии разработки",1
182,"ну так можно конечно, ты в вызове f из g распаковывает переданный словарь","программирования тред, обсуждаем языки и технологии разработки",1
183,что значит под почту. почтовый сервер.,"программирования тред, обсуждаем языки и технологии разработки",1
184,петушарня твой выбор.,"программирования тред, обсуждаем языки и технологии разработки",0
185,какоето отторжение вызывает это вс. особенно фронтенд.,"программирования тред, обсуждаем языки и технологии разработки",1
186,"ну ты какойто нихачуха. тут ему времени нет, тут он не хочет, тут сложна. с таким подходом только в макдак.","программирования тред, обсуждаем языки и технологии разработки",0
187,"например, кому нужны. компании связи. их так много.","программирования тред, обсуждаем языки и технологии разработки",0
188,"скажите почему не работает в c считывание кириллицы в массив, а латиница работаетchar acin a","программирования тред, обсуждаем языки и технологии разработки",1
189,потому что кирилица для даунов.,"программирования тред, обсуждаем языки и технологии разработки",0
190,школьник незаметен.,"программирования тред, обсуждаем языки и технологии разработки",0
191,а для чего это нужно.,"программирования тред, обсуждаем языки и технологии разработки",0
192,как стать обучаемым.,"программирования тред, обсуждаем языки и технологии разработки",0
193,"у меня диагностированное слабоумие ой степени дебильность, простите. .","программирования тред, обсуждаем языки и технологии разработки",0
194,как вариант вырезать из строки весь текст до after и спокойно искать href,"программирования тред, обсуждаем языки и технологии разработки",1
195,"указатели, видимо. а секрет прост надо было начинать с ассемблера.","программирования тред, обсуждаем языки и технологии разработки",1
196,"если указатели то расстраиваться особо не стоит, такая вещь, на понимание которой нужно чуть больше времени.","программирования тред, обсуждаем языки и технологии разработки",1
197,"ассемблер очень простой язык, только многословный. я в детстве в паскале не мог осилить указатели примеры из книжки про списки, деревья и т. д. .","программирования тред, обсуждаем языки и технологии разработки",1
198,"такое решение мне засчитали. но не выглядит ли это костыльно. выглядит. ну это одним запросом красиво не сделать. вместо maxtype, поищи чтото вроде first","программирования тред, обсуждаем языки и технологии разработки",1
199,на семерке анальные зонды мягче и незаметней.,"программирования тред, обсуждаем языки и технологии разработки",0
200,вот список всех агрегатных функций в mysql,"программирования тред, обсуждаем языки и технологии разработки",1
201,"вопрос по смежной теме. допустим, у моего кода в зависимостях либа под gplv. это ведь помешает мне выпускать бинарники под mit.","программирования тред, обсуждаем языки и технологии разработки",1
202,где почитать про то какие на самом деле есть специальности в айти и что для этого надо. не всем же говнокодить неопределнную парашу,"программирования тред, обсуждаем языки и технологии разработки",1
203,"офисные будни itмартышки. здесь прекрасно все и суровый начальникменеджер, высокий, красивый блондин, который заставляет пахать и проблемы с женским полом.","программирования тред, обсуждаем языки и технологии разработки",0
204,"клевая песня, вообще откуда пошло называть программистов обезьянами, в чем прикол. есть же куча работы, где еще меньше мозгов нужно.","программирования тред, обсуждаем языки и технологии разработки",0
205,"обезъяний язык режит уши, воистину, английский язык пидоров","программирования тред, обсуждаем языки и технологии разработки",0
206,"сап программистыонанисты, как убрать скрипт, который время от времени открывает браузер, и включает один и тот же сайт.","программирования тред, обсуждаем языки и технологии разработки",1
207,"пасматри планировщик, быдло","программирования тред, обсуждаем языки и технологии разработки",0
208,"от английского выражения monkey business обезьянье дело, бессмысленная работа.","программирования тред, обсуждаем языки и технологии разработки",0
209,пришло время переустановить шиндовс,"программирования тред, обсуждаем языки и технологии разработки",0
210,вкатываюсь в пр с чего начать. учу питон и жс по месяцу надо что то одно продолжать для продуктивности что выбрать помоги анон,"программирования тред, обсуждаем языки и технологии разработки",1
211,"англопидоры дарвина форсили, а там же все наоборот","программирования тред, обсуждаем языки и технологии разработки",0
212,бамп,"программирования тред, обсуждаем языки и технологии разработки",0
213,удваиваю,"программирования тред, обсуждаем языки и технологии разработки",0
214,снгпараша и этим все сказано. мы называем всех пидорами чтобы оправдать то что сами говноеды.,"программирования тред, обсуждаем языки и технологии разработки",0
215,c programming language.,"программирования тред, обсуждаем языки и технологии разработки",1
216,"подпиндоха, твоим хозяевам даже в оон шершавым проводят. смирись.","программирования тред, обсуждаем языки и технологии разработки",0
217,как стать хорошо обучаемым.,"программирования тред, обсуждаем языки и технологии разработки",0
218,"найти удобный для себя алгоритм обучения, и выяснить для чего же ты учишь это сво погромировани","программирования тред, обсуждаем языки и технологии разработки",1
219,"за сколько времени, при норм усилиях и устремлении, изучается нормально haskell.","программирования тред, обсуждаем языки и технологии разработки",1
220,"пацаны, как собрать команду.","программирования тред, обсуждаем языки и технологии разработки",0
221,"я ебанулся, если хочу быть фуллстек и писать фронтоговно на js а бэк на asp. net, или всетаки в этом есть смысл и я смогу найти работу. сегодня сблевал когда попробовал пхп","программирования тред, обсуждаем языки и технологии разработки",1
222,"почему нет нормальных туториалов, например как создать готовое приложение под винду, чтобы вс красиво, с графиками и таблицами, свистело и пердело.","программирования тред, обсуждаем языки и технологии разработки",1
223,просто иди на хуй. иди в макдак кассу освобождай.,"программирования тред, обсуждаем языки и технологии разработки",0
224,бамп,"программирования тред, обсуждаем языки и технологии разработки",0
225,"вообщето есть, для любого графического фреймворка. типа","программирования тред, обсуждаем языки и технологии разработки",1
226,"сап. есть тут джедаи qt creator и тестов. у меня есть код, который я бы хотел протестировать, но не могу сам разобраться.","программирования тред, обсуждаем языки и технологии разработки",1
227,"работато существует, но судя по вакансиям нужен опыт.","программирования тред, обсуждаем языки и технологии разработки",0
228,есть тут кто работает программистом. нравится ли работа. много ли остается свободного времени на свои хобби и увлечения.,"программирования тред, обсуждаем языки и технологии разработки",1
229,сколько времени при серьезном подходе учится haskell.,"программирования тред, обсуждаем языки и технологии разработки",1
230,с работой d художника напримеркакое хобби,"программирования тред, обсуждаем языки и технологии разработки",0
231,неделю.,"программирования тред, обсуждаем языки и технологии разработки",0
232,с почти нуля.,"программирования тред, обсуждаем языки и технологии разработки",0
233,неделю и один день.,"программирования тред, обсуждаем языки и технологии разработки",0
234,а какие должны быть хобби то. тип чтото не связанное с работой. типа игры на укулеле или дрочки.,"программирования тред, обсуждаем языки и технологии разработки",0
235,коммерческое самоубийство.,"программирования тред, обсуждаем языки и технологии разработки",0
236,". ну тип покупаешь хуйня нейм и она стоит у тебя на полке, но всем говоришь что у тебя есть время на хобби.","программирования тред, обсуждаем языки и технологии разработки",0
237,"что у тебя есть время на хобби. ой да ладно блядь, приезжаешь на свою работу в , работаешь до допустим","программирования тред, обсуждаем языки и технологии разработки",0
238,"обычно рабочий день до . итого перед нормальным сном останется часа. этого хватит только комп включить и охуеть, что скоро надо идти спать.","программирования тред, обсуждаем языки и технологии разработки",0
239,на деле обычно пред сном есть ровно час свободного времени.,"программирования тред, обсуждаем языки и технологии разработки",0
240,"да пиздец какойто, это уже не жизнь, это рабство какоето","программирования тред, обсуждаем языки и технологии разработки",0
241,"и чо, мамкинымы борщами питаешься.","программирования тред, обсуждаем языки и технологии разработки",0
242,"делой, птыбля.","программирования тред, обсуждаем языки и технологии разработки",0
243,жена работает.,"программирования тред, обсуждаем языки и технологии разработки",0
244,"нет, часа занимает дорога с работы и на работы. прихожу, пару часов прихожу в себя, моюсь, кушаю, час залипаю в борды, потом ложусь в кровать и общаюсь.","программирования тред, обсуждаем языки и технологии разработки",0
245,меня родоки положим три года терпелихотя они и любили менячерез три года прямо говорили чтобы я здохдумаю что жена чужая по сути баба выкинет бездельника через полгода,"программирования тред, обсуждаем языки и технологии разработки",0
246,на работе здают что ты гомик.,"программирования тред, обсуждаем языки и технологии разработки",0
247,нет.,"программирования тред, обсуждаем языки и технологии разработки",0
248,квартира моя. я очень хороший и полезный. ты же не думаешь что девушки в айти бывают сами по себе. .,"программирования тред, обсуждаем языки и технологии разработки",0
249,я девушка.,"программирования тред, обсуждаем языки и технологии разработки",0
250,"ты вниманиеблядь, следовательно подлый и нехороший человек.","программирования тред, обсуждаем языки и технологии разработки",0
251,"ее спросили, она ответила, совсем уже поехал.","программирования тред, обсуждаем языки и технологии разработки",0
252,"ch, подскажи какиенибудь книги по программированию на ассемблере для нубов и которые не привязаны к windows или dos.","программирования тред, обсуждаем языки и технологии разработки",1
253,"зачем тебе ассемблер. работы сейчас под него нет, учи чтонибудь современное типа раста или питухона","программирования тред, обсуждаем языки и технологии разработки",1
254,"так я для себя же, я c знаю но в ассемблер чтото въехать не могу, куча диалектов и много чего не понятного, да и большинство информации по ассемблеру идт на dos.","программирования тред, обсуждаем языки и технологии разработки",1
255,день.,"программирования тред, обсуждаем языки и технологии разработки",0
256,ты очень странный малый.,"программирования тред, обсуждаем языки и технологии разработки",0
257,"зубков сергей assembler для dos, windows и linuxа вообще, для начала на dos попиши, он попроще, с него лучше въезать. поставь себе эмулятор какойнибудь.","программирования тред, обсуждаем языки и технологии разработки",1
258,уж что нашл.,"программирования тред, обсуждаем языки и технологии разработки",0
259,нахуй ты на шелле скрипты пишешь.,"программирования тред, обсуждаем языки и технологии разработки",1
260,"у меня особые вкусы. ты бы знал, у меня пол кода на sed.","программирования тред, обсуждаем языки и технологии разработки",1
261,"да есть, вон по юнити полно такого. ты гугли туториалы по гуйцам, типа wpf например.","программирования тред, обсуждаем языки и технологии разработки",1
262,"трустори, shell expansion это полный пиздец. двойные кавычки, всегда нужно еще больше двойных кавычек. правильный выбор не писать на шелле вообще.","программирования тред, обсуждаем языки и технологии разработки",1
263,"однако, здравствуйте. не могу найти предметную область для семестровки. хочу сделать вебсервиса. один реализует рестапи какбудто бекенд, другой шлт на него запросы.","программирования тред, обсуждаем языки и технологии разработки",1
264,нойс обасрался. побежал оливье резать.,"программирования тред, обсуждаем языки и технологии разработки",0
265,"как сделать, чтобы по окончании ввода в поле и нажатии клавиши enter, данные добавлялись кудато.","программирования тред, обсуждаем языки и технологии разработки",1
266,"поясните за тестирование. как вкатиться тестировщиком, что почитать.","программирования тред, обсуждаем языки и технологии разработки",1
267,"а чего ты хотел, если погромист, не хуй с горы, получает в долларах а сбер будет платить в рублях.","программирования тред, обсуждаем языки и технологии разработки",0
268,"не понял к чему это ты. с зарплатой не обидят, а если обидят, то учба и опыт халявные.","программирования тред, обсуждаем языки и технологии разработки",0
269,"да не, я ничо не говорю, поступай, просто бесплатной халявы нигде не бывает, за не всегда ктото платит, так или иначе","программирования тред, обсуждаем языки и технологии разработки",0
270,универ новый и первое время работает в убыток. видимо он за мою халяву и будет платить.,"программирования тред, обсуждаем языки и технологии разработки",0
271,"а в огороде бузина так как в киеве дядька. а. ааа, блядь, тото же. шакалы ебучие блядь.","программирования тред, обсуждаем языки и технологии разработки",0
272,таблеточки принять забыл.,"программирования тред, обсуждаем языки и технологии разработки",0
273,"докатились блядь, эту парашу уже здесь пиарят. да нахуй идите со своим иннополисом, у них большая часть программы это бизнес хуйня","программирования тред, обсуждаем языки и технологии разработки",0
274,пиздишь.,"программирования тред, обсуждаем языки и технологии разработки",0
275,"приходил из иннополиса, такую хуйню нес, говорит дали задание симулировать распространение болезни, ну я говорит нейронку на расте поднял, обучил ее, она мне все и решила","программирования тред, обсуждаем языки и технологии разработки",1
276,в прошлом году был первый нормальный набор с готовыми программами на бакалавра. на магистратуру раньше закончили. он наверно из пробной группы был.,"программирования тред, обсуждаем языки и технологии разработки",0
277,"сап, двощ. хочу вкатиться в программирование. с чего начать.","программирования тред, обсуждаем языки и технологии разработки",1
278,"становишься тянкой ищешь неудовлетворнного линуксоида говоришь что хочешь учиться, кидаешь его во френдзону он учит тебя всему что знает ?????? profit. !!!","программирования тред, обсуждаем языки и технологии разработки",0
279,"сап, pr. я хочу вкатиться в программирование под айось. выбрал я этот тред, потому что я полный ноль.","программирования тред, обсуждаем языки и технологии разработки",1
280,какой смуззи ты предпочитаешь. вишнвый.,"программирования тред, обсуждаем языки и технологии разработки",0
281,"нет, я серьезно. сори если слишком ньюфаг, но желание вместе с некоторыми знаниями в области у меня есть. надеюсь воспринята моя просьба будет адекватно","программирования тред, обсуждаем языки и технологии разработки",0
282,си потом свифт,"программирования тред, обсуждаем языки и технологии разработки",1
283,в лет уже поздно.,"программирования тред, обсуждаем языки и технологии разработки",0
284,рано. иди подвачуй.,"программирования тред, обсуждаем языки и технологии разработки",0
285,"а можете сказать насколько актуально то, что там на канале в бегиннер курсе. там год. ..","программирования тред, обсуждаем языки и технологии разработки",0
286,"просто читай документацию параллельно, главное, что чел объясняет нормально.","программирования тред, обсуждаем языки и технологии разработки",1
287,"люди годами изучают, читают манытратят время и другие ресурсыи тут, ты, чмоха, думаешь на хяляву спросишь и тебе ответят в интернетах. даже гуглить не надоиди нахуй","программирования тред, обсуждаем языки и технологии разработки",0
288,"пацаны, как отрезать ненужное из плюсов. скажем, пишу я слишком большое число и умножаю его еще на большое. в итоге, блядские плюсы пишут мне inf, нахуя.","программирования тред, обсуждаем языки и технологии разработки",1
289,"используют ли серьзные погроммисты в своей работе какимлибо местом блоксхемы, или это ненужная ерунда, которой забивают головы школоты и студентов.","программирования тред, обсуждаем языки и технологии разработки",1
290,"говорили тебе уебок что для всего серьезного берут c, а тяпляп и в продакшн с. переписывай на c c long long double.","программирования тред, обсуждаем языки и технологии разработки",1
291,"да сишкато заебись, бля буду. столько писал на сишке. это охуенный язык.","программирования тред, обсуждаем языки и технологии разработки",1
292,"да это похйу. они блядь никогда походу просто не реверсили. я чуть не блеванул, когда увидел блядский плюсовый код в экзешнике.","программирования тред, обсуждаем языки и технологии разработки",1
293,нахуй фриланс. найди ремоут джоб.,"программирования тред, обсуждаем языки и технологии разработки",0
294,"забывают только рассказать, что зарплата после иннополиса в среднем , т. е. зарплата пыхера на фрилансе.","программирования тред, обсуждаем языки и технологии разработки",0
295,"года, живу в тплых азиатских странах. первый язык руби. с него начал учиться. но не об этом. начал вскрывать чужие вафли и понеслось. не могу остановиться.","программирования тред, обсуждаем языки и технологии разработки",0
296,хочу зарабатывать миллионы. в какую сторону смотреть.,"программирования тред, обсуждаем языки и технологии разработки",0
297,налево,"программирования тред, обсуждаем языки и технологии разработки",0
298,"wow wow wow, полегче. и сразу говорю, огромное спасибо. у меня информационное голодание, а ты мне вкинул пару крошек.","программирования тред, обсуждаем языки и технологии разработки",0
299,"хочу пойти в it, но не переношу матан. очень ли он нужен. есть специальностинаправления, где он почти не нужен.","программирования тред, обсуждаем языки и технологии разработки",1
300,будь добр,"программирования тред, обсуждаем языки и технологии разработки",0
301,"и да, уровень класса ещ коекак","программирования тред, обсуждаем языки и технологии разработки",0
302,веб разработчикам матан не нужен. или у вас там все в модули над кольцами пердолятся,"программирования тред, обсуждаем языки и технологии разработки",1
303,используй guid. newguid и не еби мозг,"программирования тред, обсуждаем языки и технологии разработки",1
304,"да я уже разобрался, поменял кодировку в файлах, с которых брал текст","программирования тред, обсуждаем языки и технологии разработки",1
305,вангую у тебя хуета в конструкторе playertexture. поди нельзя так текстуры копировать.,"программирования тред, обсуждаем языки и технологии разработки",1
306,на бутылку.,"программирования тред, обсуждаем языки и технологии разработки",0
307,хочу подрабатывать на работе лол. с или вордпресс для фриланса.,"программирования тред, обсуждаем языки и технологии разработки",1
308,"ананасы, посоветуйте книги для чтения в автобусах, пока едешь на работу.","программирования тред, обсуждаем языки и технологии разработки",0
309,курант что такое математика,"программирования тред, обсуждаем языки и технологии разработки",1
310,"аноны, у когонибудь есть в электронном варианте книга с картинки. algorithms a functional programming approach","программирования тред, обсуждаем языки и технологии разработки",1
311,"ну эт зашквар полный, лучше вебкам шлюхой фрилансить.","программирования тред, обсуждаем языки и технологии разработки",0
312,уже нашел вот здесь,"программирования тред, обсуждаем языки и технологии разработки",0
313,"помогите, господа погромисты. есть одна несложная математическая моделька, на основе которой нужно написать максимально простую программу","программирования тред, обсуждаем языки и технологии разработки",1
314,"зависит от того, где эта твоя параша будет работать. локально комп, вебстраничкой, на мобиле, и прочее говно.","программирования тред, обсуждаем языки и технологии разработки",1
315,"ха, тогда бери эксель. кроме шуток, можешь из либреофиса. обычно хватает просто формул, но если что макросы тоже есть.","программирования тред, обсуждаем языки и технологии разработки",1
316,"визуалстуждию комьюнити с сайта мс. нахуй и впизду, эта параша требует актуального аккаунта на их говне.","программирования тред, обсуждаем языки и технологии разработки",1
317,java. можно даже с gui сделать.,"программирования тред, обсуждаем языки и технологии разработки",1
318,"я в погромированнии вообще ничего не смыслю. пропустил, тогда действительно excellibreoffice calc лучше.","программирования тред, обсуждаем языки и технологии разработки",1
319,"это не автор вопроса писал. кочаю халявную visual studio с onthehub спасибо родному универу. раньше уже както раз пробовал безуспешно ковырять ее, попытаюсь еще раз.","программирования тред, обсуждаем языки и технологии разработки",1
320,"забавно, зеленых слоников почемуто не любят","программирования тред, обсуждаем языки и технологии разработки",0
321,добавь себе в закладки или еще кудато libgen. io и не изнемогай себя поиском книг по совсем уж васяносайтам.,"программирования тред, обсуждаем языки и технологии разработки",1
322,на паскале ебашь. или если там крутые высокопроизводительные вычисления то фортран можешь взять.,"программирования тред, обсуждаем языки и технологии разработки",1
323,"ковырять ненужно, смотри туториалы. вообще, тебе прога с кнопочками нужна, или консольной хватит. может тебе вообще на фортране тогда написать ее.","программирования тред, обсуждаем языки и технологии разработки",1
324,попробуй почитать может полюбишь.,"программирования тред, обсуждаем языки и технологии разработки",0
325,кроме есть еще вроде специализированные языки для математических вычислений типа mathematica,"программирования тред, обсуждаем языки и технологии разработки",1
326,из криокамеры. фортрановские математические библиотеки уже давно можно использовать в python.,"программирования тред, обсуждаем языки и технологии разработки",1
327,"да можно хоть на брайнфаке прикрутить с помощью ffi, но зачем.","программирования тред, обсуждаем языки и технологии разработки",1
328,"ладно, спасибо всем за советы. буду выбирать из предложенного.","программирования тред, обсуждаем языки и технологии разработки",0
329,жена работает. где бы такую жену найти. кто она по национальности.,"программирования тред, обсуждаем языки и технологии разработки",0
330,затем что как язык фортран сложнее.,"программирования тред, обсуждаем языки и технологии разработки",1
331,"но я мимопроходил. автор того поста отписал успокойся, все в порядке. ты хороший человек, твои родители достойные люди и никто тебя не обижает.","программирования тред, обсуждаем языки и технологии разработки",0
332,"и я тебя ненавижу, кстати.","программирования тред, обсуждаем языки и технологии разработки",0
333,"на работе. чет я проиграл в голос, представляя, как мой начальник открывает дверь, заходит, а там я на хуях резиновых скачу, лол.","программирования тред, обсуждаем языки и технологии разработки",0
334,"братишке, не стоит без практики эти книги читать ничего не запомнишь, кроме пары аффоризмов и совсем уж банальной херни.","программирования тред, обсуждаем языки и технологии разработки",0
335,"подскажите нуфагу, как отслеживать в vs состояние класса аналогично как это можно было сделать с переменной или массивом в add watch.","программирования тред, обсуждаем языки и технологии разработки",1
336,"сошлось, но я еще вкатываюсь","программирования тред, обсуждаем языки и технологии разработки",0
337,"просто съеби. не сошлось. сисадмин, видимо изза того, что в школе мне нравилась физика, а в детстве я хотел конструктор, как и все пиздюки.","программирования тред, обсуждаем языки и технологии разработки",0
338,мамин тестировщик получилось. не сошлось так как я пинаю хуи.,"программирования тред, обсуждаем языки и технологии разработки",0
339,"если это нуфаг тред, то помогите. с помощью каких алгоритмов это решается.","программирования тред, обсуждаем языки и технологии разработки",1
340,"фаг, забыл, что уже запостил","программирования тред, обсуждаем языки и технологии разработки",0
341,звздочки в двух местах между select и from съела макаба,"программирования тред, обсуждаем языки и технологии разработки",1
342,"если удалить форк, возможность запиннить репозиторий с контрибьютом останется или нет.","программирования тред, обсуждаем языки и технологии разработки",1
343,"двачпомогач, а есть ли у когонибудь необрезанные книги кевина митника на русском. интересуют призрак в сети. мемуары величайшего хакера и искусство обмана.","программирования тред, обсуждаем языки и технологии разработки",1
344,"нет, делай бекап, форкай форк.","программирования тред, обсуждаем языки и технологии разработки",1
345,потому что нельзя итерировать по вектору и удалятьвставлять в него элементы одновременно,"программирования тред, обсуждаем языки и технологии разработки",1
346,"и что делать. есть вектора с rect, нужно проверить, не пересекается ли каждый элемент вектора с каждым элементом второго","программирования тред, обсуждаем языки и технологии разработки",1
347,"двачспасач, выручай. нужно найти готовую сборкулучше несколько для создания сайта подобного электронному дневнику как в школах. вс очень горит.","программирования тред, обсуждаем языки и технологии разработки",1
348,"такая проблема. месяца сижу на книжечках, курсах и туториалах, упор делаю на изучение осей и сетей, планирую ещ бд начать потыкивать. иногда полизываю питон","программирования тред, обсуждаем языки и технологии разработки",1
349,"могу стать наставником, если будешь сосать.","программирования тред, обсуждаем языки и технологии разработки",0
350,но ты же пидор. а я нет.,"программирования тред, обсуждаем языки и технологии разработки",0
351,"спасиб, братюнь,","программирования тред, обсуждаем языки и технологии разработки",0
352,готовый вариант,"программирования тред, обсуждаем языки и технологии разработки",0
353,"зато я программист, а ты нет.","программирования тред, обсуждаем языки и технологии разработки",0
354,мало ему что он пидор так еще и программист. червепидорское бинго просто.,"программирования тред, обсуждаем языки и технологии разработки",0
355,"мне до пизды знать как это делается, мне нужен просто ебучий шаблон.","программирования тред, обсуждаем языки и технологии разработки",0
356,"анон, объясни мне, что такое веб сервер. как понимаю, эта такая большая штука с жесткими дисками, где находится информация","программирования тред, обсуждаем языки и технологии разработки",1
357,не совсем понимаю принцип работы removeif. как удалять элементы вектора по индексах.,"программирования тред, обсуждаем языки и технологии разработки",1
358,"советую разобраться с removeif лямбды заодно поймешь. надо передать им аргументом функцию, которая возвращает true если элемент надо удалить","программирования тред, обсуждаем языки и технологии разработки",1
359,"ананас, посоветуй книгу по алгоритмам для покупки. чтоб вечерами сидеть и читать, вместо гегеля.","программирования тред, обсуждаем языки и технологии разработки",1
360,"анон, посоветуй интсрукцию для написания бота администратора в телеграмм, который бы на автомате бы кикал, банил и прочее. а то ссыкотно за безопасность конфы.","программирования тред, обсуждаем языки и технологии разработки",1
361,"в гугл картинках произошел неприятный вроде как баг. я сохранял линки на пикчи с мобилы, просто сохраняя url страницы.","программирования тред, обсуждаем языки и технологии разработки",0
362,"анон, поделись линком на годный гайд по синтаксису не знаю подходящее ли слово, tex. хочу набирать формулыс.","программирования тред, обсуждаем языки и технологии разработки",1
363,"аутисты пытаются перенести все ошибки времени выполнения во время компиляции, не понимая, что необходим баланс между сложностью кода и отсутствием ошибок. вот и все.","программирования тред, обсуждаем языки и технологии разработки",1
364,"а какие ошибки времени исполнения оно может предотвратить, а какие нет.","программирования тред, обсуждаем языки и технологии разработки",1
365,почему сейчас никто не использует оверлеи.,"программирования тред, обсуждаем языки и технологии разработки",1
366,"могут ли быть проблемы, если я копирую чужой код, немного его видоизменяя из чужого репа.","программирования тред, обсуждаем языки и технологии разработки",1
367,бамп,"программирования тред, обсуждаем языки и технологии разработки",0
368,сколько стоит выпуск приложения в гуглплей.,"программирования тред, обсуждаем языки и технологии разработки",1
369,нашел.,"программирования тред, обсуждаем языки и технологии разработки",0
370,"ну пиши электропочту, обсудим.","программирования тред, обсуждаем языки и технологии разработки",0
371,dbabid на гмайле,"программирования тред, обсуждаем языки и технологии разработки",0
372,нахуй тебе сеттеры в классе.,"программирования тред, обсуждаем языки и технологии разработки",1
373,это свойство.,"программирования тред, обсуждаем языки и технологии разработки",0
374,"зачем ты пишешь свой класс так, что он у тебя кишками наружу торчит. если тебе не нужен сеттер сделай метод.","программирования тред, обсуждаем языки и технологии разработки",1
375,"тебе сложно было догадаться что это всего лишь пример что бы понять, что я имею ввиду.","программирования тред, обсуждаем языки и технологии разработки",0
376,"ладно, я понял. сам проебался, неправильно поставил вопрос. я имею ввиду, как мне в разговоре правильно на словах объяснять другому человеку это.","программирования тред, обсуждаем языки и технологии разработки",0
377,"если мой пулл реквест принимают, а потом делают свои коммиты, как мне синхронизировать изменения в свом форке.","программирования тред, обсуждаем языки и технологии разработки",1
378,"блять, опять хуево спросил. как мне в разговоре называть поля с ссылкой на интерфейс, вот.","программирования тред, обсуждаем языки и технологии разработки",1
379,чемя в класс запихнул поле с ссылкой на интерфейстебя не устраивает в качестве объяснения.,"программирования тред, обсуждаем языки и технологии разработки",1
380,смержи мастер в свой форк,"программирования тред, обсуждаем языки и технологии разработки",1
381,"просто если для этого существует какой то термин, которого я не знаю, то буду выглядеть как долбоеб. нихуя же непонятно будет, что я имел ввиду.","программирования тред, обсуждаем языки и технологии разработки",0
382,а как смержить все ветки. или другие ветки не имеют значения для синхронизации.,"программирования тред, обсуждаем языки и технологии разработки",1
383,кому непонятно.,"программирования тред, обсуждаем языки и технологии разработки",0
384,"тому, кому я это объясняю.","программирования тред, обсуждаем языки и технологии разработки",0
385,мержи только мастер и однови пул реквест. потом пусть сами разбираются с другими ветками,"программирования тред, обсуждаем языки и технологии разработки",1
386,кому ты это объясняешь.,"программирования тред, обсуждаем языки и технологии разработки",0
387,твоей мамаше.,"программирования тред, обсуждаем языки и технологии разработки",0
388,моя мамаша сама тебе вс объяснит.,"программирования тред, обсуждаем языки и технологии разработки",0
389,"аноны, нужна консультация спецов, разбирающихся в программе hp loadrunner. есть такие.","программирования тред, обсуждаем языки и технологии разработки",1
390,"нашл очередной тест, пришлось голову даже включить анон, можешь вкинуть свой результат. хочу понять, результат рандомный или нетмне выдало то","программирования тред, обсуждаем языки и технологии разработки",0
391,"поясните плиз, почему иногда я могу добавить класс в vs в addwatch и посмотреть значения его полей, а иногда нет. ?от чего это зависит.","программирования тред, обсуждаем языки и технологии разработки",1
392,"ты четко видишь цель и идешь к ней, решая на пути любые проблемы. твоя логика и креативность мышления это та необходимая квинтэссенция качеств","программирования тред, обсуждаем языки и технологии разработки",0
393,все эти тесты говно на лопате.,"программирования тред, обсуждаем языки и технологии разработки",0
394,"привет. нужно слить несколько сайтов кк запросов на один ресурс. пока что разово, но возможно понадобится регулярный слив.","программирования тред, обсуждаем языки и технологии разработки",1
395,а что не говно. путин.,"программирования тред, обсуждаем языки и технологии разработки",0
396,"сейчас моя мамка подскочитпочирикай с ней чпочемя на созвонился, подскочу если че","программирования тред, обсуждаем языки и технологии разработки",0
397,тот который лучше всего знаешь. както стрмно писать многопоточный парсер на php.,"программирования тред, обсуждаем языки и технологии разработки",1
398,"анон, есть в инторнетах годные гайды по регуляркам.","программирования тред, обсуждаем языки и технологии разработки",1
399,почему.,"программирования тред, обсуждаем языки и технологии разработки",0
400,зашквар.,"программирования тред, обсуждаем языки и технологии разработки",0
401,"анон, а есть или был вообще swiftтред.","программирования тред, обсуждаем языки и технологии разработки",1
402,да.,"программирования тред, обсуждаем языки и технологии разработки",0
403,"дай линк, пожалуйста. через поиск не нашел.","программирования тред, обсуждаем языки и технологии разработки",0
404,держи.,"программирования тред, обсуждаем языки и технологии разработки",0
405,"уверен. я любопытствовал за него немного, вроде приятный яп. а то я уже чуть не вкатился в гоупарашу.","программирования тред, обсуждаем языки и технологии разработки",1
406,"котаны, есть вопрос, который немного не по теме треда доски, но я не ебу, где ещ его можно задать. в общем, есть один фонт, который называется oswald.","программирования тред, обсуждаем языки и технологии разработки",0
407,"partialapply, который выглядит не как говно.","программирования тред, обсуждаем языки и технологии разработки",1
408,"э, бидорасы, в микросервисной архитектуре сами микросервисы ведь общаюстя через service registry тож.","программирования тред, обсуждаем языки и технологии разработки",1
409,"запускал через code blocksне еби мозг, бери студию или devc","программирования тред, обсуждаем языки и технологии разработки",1
410,"ух ты, годнота какая. спасибо.","программирования тред, обсуждаем языки и технологии разработки",0
411,"бамп вопросу. анон, плз.","программирования тред, обсуждаем языки и технологии разработки",0
412,"совет на будущее не называй переменные одной буквой, если они живут больше строчек.","программирования тред, обсуждаем языки и технологии разработки",1
413,"господа, есть вопрос, к примеру, если физически россию отключат от интернета перерубят кабели, то получается у нас будет своя собственная сеть в доменной зоне ru.","программирования тред, обсуждаем языки и технологии разработки",1
414,они общаются через апи,"программирования тред, обсуждаем языки и технологии разработки",1
415,если тебе физически перерубят кабель единственный путь в большой мир болорусский вайфай.,"программирования тред, обсуждаем языки и технологии разработки",0
416,а спутниковый интернет.,"программирования тред, обсуждаем языки и технологии разработки",0
417,"покупаешь двустороннюю тарелку, вешаешь на стену дома, ждешь майора. сидишь на зоне лет за терроризм.","программирования тред, обсуждаем языки и технологии разработки",0
418,"ты посылаешь dns запрос, тебе твой днс сервер выдает ответ айпишник. если твой днс сервер не знает ответа он спрашивает у сервера выше по иерархии","программирования тред, обсуждаем языки и технологии разработки",1
419,"спасибо за ответ, анон. станция конечно же подключена наземным соединением к сети, да.","программирования тред, обсуждаем языки и технологии разработки",1
420,"эт чо, у меня вс дело было в отсутствии break. нет, смотри внимательней.","программирования тред, обсуждаем языки и технологии разработки",1
421,"как справиться с выгоранием. последнее время совсем не стоит на код, какоето отвращение уже через минут кодинга наступает.","программирования тред, обсуждаем языки и технологии разработки",1
422,а ну помогите решить,"программирования тред, обсуждаем языки и технологии разработки",0
423,работа с кодом не связана. пишу для себя и дело движется елееле.,"программирования тред, обсуждаем языки и технологии разработки",1
424,"пили короткими спринтами продолжительностью неделя. в каждом спринте привноси маленьку, но полезную фичу.","программирования тред, обсуждаем языки и технологии разработки",1
425,а ты что делать будешь.,"программирования тред, обсуждаем языки и технологии разработки",0
426,на жеппе сидеть,"программирования тред, обсуждаем языки и технологии разработки",0
427,вот мы тоже будем сидеть.,"программирования тред, обсуждаем языки и технологии разработки",0
428,"есть одна задача пикрелейтед. нашел решение к ней, вот оноc","программирования тред, обсуждаем языки и технологии разработки",1
429,полный обход всех трех массивов. считается количество сравнений.,"программирования тред, обсуждаем языки и технологии разработки",1
430,установил haskellplatform. чего я еще не доприкрутил чтобы появилась подсветка синтаксиса в sublime text.,"программирования тред, обсуждаем языки и технологии разработки",1
431,разобрался.,"программирования тред, обсуждаем языки и технологии разработки",0
432,"cап, программач. не судите строго, но мне нужно узнать алгоритм длинного деления на паскале.","программирования тред, обсуждаем языки и технологии разработки",1
433,для очень умных прежде чем писать про doble и прочее почитайте про длинную арифметику как вид олимпиаднх задачохуевший свин не могущий в добл,"программирования тред, обсуждаем языки и технологии разработки",1
434,"я что, виноват, что у нас специальная олимпиада по длинной арифметике и нам это запрещено. !!","программирования тред, обсуждаем языки и технологии разработки",0
435,"специальная олимпиададля специально одаренных, хули там сложного, кричи слава кукраине, сразу выйграешь","программирования тред, обсуждаем языки и технологии разработки",0
436,можешь запилить кулстори.,"программирования тред, обсуждаем языки и технологии разработки",0
437,сделай traceroute google. com или там tracert google. com в терминале,"программирования тред, обсуждаем языки и технологии разработки",1
438,чет не очень получается,"программирования тред, обсуждаем языки и технологии разработки",0
439,"хочу изучить новый яп для того, что бы работать с гис данными. дохулион данных. что анон может посоветовать. го. скала. питон.","программирования тред, обсуждаем языки и технологии разработки",1
440,к какому иде проще всего блин прикрутить этот хацкель на линуксе. я задолбался уже в попытках сделать это.,"программирования тред, обсуждаем языки и технологии разработки",1
441,ты тролишь или серьзно. кун,"программирования тред, обсуждаем языки и технологии разработки",0
442,"имею необъяснимый животный страх перед волосатыми гусеницами. на пауков похуй, я в детстве косиножкам ножки отрывал.","это вашихфобий тред. делимся своими детскими и взрослыми страхами. я лично боюсь пауков, маленьких таких, черных, домашних с большим пузом.",1
443,"мне кажется этого паука можно как краба хавать, хотелось бы попробовать.","это вашихфобий тред. делимся своими детскими и взрослыми страхами. я лично боюсь пауков, маленьких таких, черных, домашних с большим пузом.",1
444,"косиножкам водомерки чтоли бля. они же пиздец с гулькин хуй, хули их бояться","это вашихфобий тред. делимся своими детскими и взрослыми страхами. я лично боюсь пауков, маленьких таких, черных, домашних с большим пузом.",1
445,"иди нахуй а, мне было я увидел его у себя на столе огромный я жизни так не обосрался как тогда, кровь пошла, думал в психушку потом, до сих пор боюсь до ужаса","это вашихфобий тред. делимся своими детскими и взрослыми страхами. я лично боюсь пауков, маленьких таких, черных, домашних с большим пузом.",1
446,в детстве люто боялся темноты и пауков. сейчас обожаю и то и другое.,"это вашихфобий тред. делимся своими детскими и взрослыми страхами. я лично боюсь пауков, маленьких таких, черных, домашних с большим пузом.",1
447,помню в детстве давил всяких паучков пальцами. а теперь тоже их боюсь.,"это вашихфобий тред. делимся своими детскими и взрослыми страхами. я лично боюсь пауков, маленьких таких, черных, домашних с большим пузом.",1
448,сейчас обожаю и то и другое. реверсивная психология так не работает.,"это вашихфобий тред. делимся своими детскими и взрослыми страхами. я лично боюсь пауков, маленьких таких, черных, домашних с большим пузом.",1
449,боялся что меня сдеанонят на дваче и расскажут друзьям что я здесь сижуа теперь не боюсь,"это вашихфобий тред. делимся своими детскими и взрослыми страхами. я лично боюсь пауков, маленьких таких, черных, домашних с большим пузом.",1
450,"боюсь водоемов , особенно в темное время суток , ближе метров стараюсь не подходить","это вашихфобий тред. делимся своими детскими и взрослыми страхами. я лично боюсь пауков, маленьких таких, черных, домашних с большим пузом.",1
451,"боюсь большинства насекомых, пауков, паразитов и т. д. боюсь скатывания рашки в православный совок.","это вашихфобий тред. делимся своими детскими и взрослыми страхами. я лично боюсь пауков, маленьких таких, черных, домашних с большим пузом.",1
452,"я глубины боюсь, страх того что под тобой бездна ужасает","это вашихфобий тред. делимся своими детскими и взрослыми страхами. я лично боюсь пауков, маленьких таких, черных, домашних с большим пузом.",1
453,"именно , что какаято хуйня схватит и утащит в глубину , или на утопленника наткнусь","это вашихфобий тред. делимся своими детскими и взрослыми страхами. я лично боюсь пауков, маленьких таких, черных, домашних с большим пузом.",1
454,"боюсь этих мразей, пиздец. хоть и знаю, что они абсолютно безвредны.","это вашихфобий тред. делимся своими детскими и взрослыми страхами. я лично боюсь пауков, маленьких таких, черных, домашних с большим пузом.",1
455,"я один раз речку говнотечку вброд переходил и упал в яму, там на дне была всякая муть, ил, говно, вылез на берег и на ногах куча пиявок была, буэээээ.","это вашихфобий тред. делимся своими детскими и взрослыми страхами. я лично боюсь пауков, маленьких таких, черных, домашних с большим пузом.",0
456,"очень сильно боюсьбоялся акул. даже смотреть на них не мог сразу чуть ли не дрожь. но всего пару недель назад фобия почти сошла на нет, когда я увидел скрины из фильма челюсти и внезапно все таки смог","это вашихфобий тред. делимся своими детскими и взрослыми страхами. я лично боюсь пауков, маленьких таких, черных, домашних с большим пузом.",1
457,"короче пошел я нахуй из этого треда, а то не усну","это вашихфобий тред. делимся своими детскими и взрослыми страхами. я лично боюсь пауков, маленьких таких, черных, домашних с большим пузом.",0
458,"дико очкую темноты и полностью темных помещений. постоянно включаю свет в комнате, когда собираюсь туда зайти. живу один, приходят огромные счета за свет, зато спокоен.","это вашихфобий тред. делимся своими детскими и взрослыми страхами. я лично боюсь пауков, маленьких таких, черных, домашних с большим пузом.",1
459,"плюс собак, но сейчас все меньше и меньше.","это вашихфобий тред. делимся своими детскими и взрослыми страхами. я лично боюсь пауков, маленьких таких, черных, домашних с большим пузом.",0
460,"и да, еще собак боюсь. даже, видя маленькую псину, которая бегает рядом с хозяйкой без поводка или слишком длинным поводком, то стараюсь перейти на другую сторону улицы. также не могу спокойно проходи","это вашихфобий тред. делимся своими детскими и взрослыми страхами. я лично боюсь пауков, маленьких таких, черных, домашних с большим пузом.",1
461,немного пугает всякое синхронное действие и неестественные позы,"это вашихфобий тред. делимся своими детскими и взрослыми страхами. я лично боюсь пауков, маленьких таких, черных, домашних с большим пузом.",1
462,"попиздился бы с этим егерем, представляю какая это машина для убийств если ему натянуть на лапки перчатки боксерские и она начнет ими махать.","это вашихфобий тред. делимся своими детскими и взрослыми страхами. я лично боюсь пауков, маленьких таких, черных, домашних с большим пузом.",0
463,"я еще один раз чуть в болотине не утонул, переходил болото по бревну ну и наебнулся, упал глубоко, там бездонно, меня спасло то, что я ухватился за это же самое бревно, вылез, весь в говне, а еще меня","это вашихфобий тред. делимся своими детскими и взрослыми страхами. я лично боюсь пауков, маленьких таких, черных, домашних с большим пузом.",0
464,неужели такие пауки реально существуют в мире.,"это вашихфобий тред. делимся своими детскими и взрослыми страхами. я лично боюсь пауков, маленьких таких, черных, домашних с большим пузом.",1
465,а я наоборот как съехал то живу почти в полной темноте плотные шторы на окнах и свет включаю когда надо что то приготовить или прочитать. а так монитор только светит.,"это вашихфобий тред. делимся своими детскими и взрослыми страхами. я лично боюсь пауков, маленьких таких, черных, домашних с большим пузом.",1
466,кошмарный сон школьниковлиберах.,"это вашихфобий тред. делимся своими детскими и взрослыми страхами. я лично боюсь пауков, маленьких таких, черных, домашних с большим пузом.",0
467,"крабы тоже говно, как и все морепродукты.","это вашихфобий тред. делимся своими детскими и взрослыми страхами. я лично боюсь пауков, маленьких таких, черных, домашних с большим пузом.",0
468,"я боюсь что домой ко мне в окна и двери забежит омон и фсб. и меня уже нихуя не спаст , ведь нет такого суперпарня который даст пезда этим ребятам","это вашихфобий тред. делимся своими детскими и взрослыми страхами. я лично боюсь пауков, маленьких таких, черных, домашних с большим пузом.",1
469,"боюсь грозы просто до усрачки. года блять, а до сих пор кирпичи от вспышек молний и прединфаркт от грома. обычно пережидаю в ванной, и не дай бже во время грозы оказаться на улице. и пауков боюсь. в с","это вашихфобий тред. делимся своими детскими и взрослыми страхами. я лично боюсь пауков, маленьких таких, черных, домашних с большим пузом.",1
470,"мегалофобия. ходил раз в музее, там была подводная лодка в разрезе целиком и огромный корабль. как же я тогда пересрал, мне аж плохо стало находиться рядом. както лет в охуел с видео, как поднимаются ","это вашихфобий тред. делимся своими детскими и взрослыми страхами. я лично боюсь пауков, маленьких таких, черных, домашних с большим пузом.",1
471,"на майские ходил в горы, поймал клеща в ногу. теперь у меня фобия что клещи между булок сидят, дня там жили все таки. мерзкие твари","это вашихфобий тред. делимся своими детскими и взрослыми страхами. я лично боюсь пауков, маленьких таких, черных, домашних с большим пузом.",1
472,"боюсь, что навальный станет президентом, иногда просыпаюсь весь в поту, но по включенному телевизору мирно шепчет путин и я снова засыпаю.","это вашихфобий тред. делимся своими детскими и взрослыми страхами. я лично боюсь пауков, маленьких таких, черных, домашних с большим пузом.",1
473,"сука, а вот это действительно страшно. ведь срок светит наверняка всем пользователям интернета начиная от просмотра порно и заканчивая скачиванием торрентов, вс это незаконно, если под тебя начнут коп","это вашихфобий тред. делимся своими детскими и взрослыми страхами. я лично боюсь пауков, маленьких таких, черных, домашних с большим пузом.",1
474,"слишком толсто, ты выдал себя напо включенному телевизору мирно шепчет путин и я снова засыпаю.","это вашихфобий тред. делимся своими детскими и взрослыми страхами. я лично боюсь пауков, маленьких таких, черных, домашних с большим пузом.",0
475,принципиально не езжу на лифте.,"это вашихфобий тред. делимся своими детскими и взрослыми страхами. я лично боюсь пауков, маленьких таких, черных, домашних с большим пузом.",0
476,что не так. почему ты мне не веришь. я просто телевизор не выключаю перед сном.,"это вашихфобий тред. делимся своими детскими и взрослыми страхами. я лично боюсь пауков, маленьких таких, черных, домашних с большим пузом.",0
477,"kбыть пидарахоймальчик, сейчас в тренде протесты, несогласие с властью. будь модным, будь как двач","это вашихфобий тред. делимся своими детскими и взрослыми страхами. я лично боюсь пауков, маленьких таких, черных, домашних с большим пузом.",0
478,"о, я тоже не езжу, но у меня тру стори, сейчас распишу и ты пиши почему не ездишь","это вашихфобий тред. делимся своими детскими и взрослыми страхами. я лично боюсь пауков, маленьких таких, черных, домашних с большим пузом.",0
479,"я просто телевизор не выключаю перед снома в остальное время, получается, вы его выключаете, верно.","это вашихфобий тред. делимся своими детскими и взрослыми страхами. я лично боюсь пауков, маленьких таких, черных, домашних с большим пузом.",0
480,"в тренде протесты жрать нечего, в регионах зарплаты тысяч. модно","это вашихфобий тред. делимся своими детскими и взрослыми страхами. я лично боюсь пауков, маленьких таких, черных, домашних с большим пузом.",0
481,"погуглил, правильно сенокосцы. ну да, тушка мелкая. ну один хер, пауки нет нет, да и проползут про руке, уже не страшно.","это вашихфобий тред. делимся своими детскими и взрослыми страхами. я лично боюсь пауков, маленьких таких, черных, домашних с большим пузом.",0
482,"вот именно поэтому я хочу быть пидорахой. жду не дождусь, когда издадут этот закон и интернет очистится от либерального говна и школьников. первые не смогут копротивляться в интернете, а вторые исчезн","это вашихфобий тред. делимся своими детскими и взрослыми страхами. я лично боюсь пауков, маленьких таких, черных, домашних с большим пузом.",0
483,"я бы сказал, что у меня не страхи, а сильное отвращениененавижу морепродукты креветки, раки, крабы, моллюски всякие, насекомые страшные пиздец, ещ не купаюсь в природных водоемах т. к. там всякое говн","это вашихфобий тред. делимся своими детскими и взрослыми страхами. я лично боюсь пауков, маленьких таких, черных, домашних с большим пузом.",1
484,"хрен знает как называется фобия, но неистово боюсь моментов, когда другие люди в фильмах попадают в такие ситуации, в которых они выставляют себя полными чмошниками и убками. не могу заставить себя см","это вашихфобий тред. делимся своими детскими и взрослыми страхами. я лично боюсь пауков, маленьких таких, черных, домашних с большим пузом.",1
485,"сначала ебут ватников, так что когда последнему либерахе запретят сидеть в интернете, ты уже будешь под сибирью лес валить","это вашихфобий тред. делимся своими детскими и взрослыми страхами. я лично боюсь пауков, маленьких таких, черных, домашних с большим пузом.",0
486,"хотел бы я спать под мирный шепот путина, лел. прямо лампота какаято чувствуется.","это вашихфобий тред. делимся своими детскими и взрослыми страхами. я лично боюсь пауков, маленьких таких, черных, домашних с большим пузом.",0
487,"жрать нечегона работу устройся, школьник.","это вашихфобий тред. делимся своими детскими и взрослыми страхами. я лично боюсь пауков, маленьких таких, черных, домашних с большим пузом.",0
488,ну на завод ухожу и выключаю. с работы прихожу и включаю. вот.,"это вашихфобий тред. делимся своими детскими и взрослыми страхами. я лично боюсь пауков, маленьких таких, черных, домашних с большим пузом.",0
489,"в детстве боялся барж. я и щас их боюсь. особенно те, что с марсианских верфей в тысячетелетии сошли, просто пиздос какие большие. а на половине из них астартеспредатели еще со времен ереси гоняют, вс","это вашихфобий тред. делимся своими детскими и взрослыми страхами. я лично боюсь пауков, маленьких таких, черных, домашних с большим пузом.",1
490,в детстве у бабки возле города стояли большие спутниковые тарелки. они меня привлекали и пугали одновременно. даже когда с мамкой шли в лесу где они стояли мне показалось что мы под ними и я начал пан,"это вашихфобий тред. делимся своими детскими и взрослыми страхами. я лично боюсь пауков, маленьких таких, черных, домашних с большим пузом.",1
491,"короче, ходил я в или класс, жил на этаже тогда, был толстенький и всегда катался на лифте. ну и пришел после школы под вечер, зашел в лифт, а за мной зашел какой то алкаш лет . я говорю что мне на , ","это вашихфобий тред. делимся своими детскими и взрослыми страхами. я лично боюсь пауков, маленьких таких, черных, домашних с большим пузом.",0
492,школьник хочет всего и сразуа тебе все и сразу путин дать должен.,"это вашихфобий тред. делимся своими детскими и взрослыми страхами. я лично боюсь пауков, маленьких таких, черных, домашних с большим пузом.",0
493,"боюсь тредов в б, которые разрывают мой пукан. серьезно, ну вот обновляю нулевую и про себя думаю, не дай бог сейчас очередной парашный тред или сычевален и я зайду туда и у меня опять порвет пукан.","это вашихфобий тред. делимся своими детскими и взрослыми страхами. я лично боюсь пауков, маленьких таких, черных, домашних с большим пузом.",1
494,"боюсь, что зарепорчу тред, а его не удалят.","это вашихфобий тред. делимся своими детскими и взрослыми страхами. я лично боюсь пауков, маленьких таких, черных, домашних с большим пузом.",1
495,путин сначала ебнет свою опоруты шизик или просто долбоб как большинство либерашек?,"это вашихфобий тред. делимся своими детскими и взрослыми страхами. я лично боюсь пауков, маленьких таких, черных, домашних с большим пузом.",0
496,был толстенькийлюблю полненьких.,"это вашихфобий тред. делимся своими детскими и взрослыми страхами. я лично боюсь пауков, маленьких таких, черных, домашних с большим пузом.",0
497,"лет у власти сырьевая экономика платное образование и медицина ряяя тебе еще чтото не нравится. !почемуто в других странах людям дают нормальные зарплаты, а я должен на тысяч очко рвать на работах.","это вашихфобий тред. делимся своими детскими и взрослыми страхами. я лично боюсь пауков, маленьких таких, черных, домашних с большим пузом.",0
498,тоже такого боюсь. ведь тогда моя власть перестат быть абсолютной,"это вашихфобий тред. делимся своими детскими и взрослыми страхами. я лично боюсь пауков, маленьких таких, черных, домашних с большим пузом.",1
499,"я вообще не понимаю арахнофобов. пауков не опасны для человека, а ядовитые все равно живут в ебенях и никогда не нападают первыми.","это вашихфобий тред. делимся своими детскими и взрослыми страхами. я лично боюсь пауков, маленьких таких, черных, домашних с большим пузом.",1
500,"двачаю, боюсь того что ничего о них не известно и что они могут выкинуть неизвестно. у меня это зародилось из за рентв, посмотрел как то, а потом боялся что по ту сторону зеркала не я, а пришелец.","это вашихфобий тред. делимся своими детскими и взрослыми страхами. я лично боюсь пауков, маленьких таких, черных, домашних с большим пузом.",1
501,"арахнофоб. причем не какой то школьниксыч, который просто не переносит насекомых и считает себя ниебаццо арахнофобом, а самый настоящий. испытываю дрожь и страх перед пауками, руки начинают трястись, ","это вашихфобий тред. делимся своими детскими и взрослыми страхами. я лично боюсь пауков, маленьких таких, черных, домашних с большим пузом.",1
502,"а меня это наоборот прикалывает, хочется както даже повозиться с этой рукой. например, хирургически удалить каждое отверстие, может смазать каждое из них чемто или наоборот, чемто заполнить их.","это вашихфобий тред. делимся своими детскими и взрослыми страхами. я лично боюсь пауков, маленьких таких, черных, домашних с большим пузом.",0
503,"манямечты либерашек. хотя, я бы, возможно, не отказался валить лес за хорошую зарплату, я же не обоссаный школьниккопротивленец с подворотами, который боится взять в руки чтото тяжелее айфона.","это вашихфобий тред. делимся своими детскими и взрослыми страхами. я лично боюсь пауков, маленьких таких, черных, домашних с большим пузом.",0
504,"платное образование и медицинапроиграл с отрицаний дауна. почемуто в других странах людям дают нормальные зарплаты, а я должен на тысяч очко рвать на работах. где в других? в венесуэле, кндр или украи","это вашихфобий тред. делимся своими детскими и взрослыми страхами. я лично боюсь пауков, маленьких таких, черных, домашних с большим пузом.",0
505,"всратые и противные, неприятные.","это вашихфобий тред. делимся своими детскими и взрослыми страхами. я лично боюсь пауков, маленьких таких, черных, домашних с большим пузом.",0
506,"жопу такой подотри, весело будет.","это вашихфобий тред. делимся своими детскими и взрослыми страхами. я лично боюсь пауков, маленьких таких, черных, домашних с большим пузом.",0
507,"боюсь, что придут неадекватные либерахи и на пустом месте начнут рваться про путина и пидорах.","это вашихфобий тред. делимся своими детскими и взрослыми страхами. я лично боюсь пауков, маленьких таких, черных, домашних с большим пузом.",1
508,"бля, чот конфеты напомнил второй пик. на камушки ещ похожи конфеты.","это вашихфобий тред. делимся своими детскими и взрослыми страхами. я лично боюсь пауков, маленьких таких, черных, домашних с большим пузом.",0
509,так и называются. морские камешки.,"это вашихфобий тред. делимся своими детскими и взрослыми страхами. я лично боюсь пауков, маленьких таких, черных, домашних с большим пузом.",0
510,"проиграл с отрицаний дауна. бесплатные пломбы с хуевым анастетиком и миллионные очереди в больницах. еее медицина. мздаителиучителя и деканы, которые валят тебя пока не занесешь деньги. еее образовани","это вашихфобий тред. делимся своими детскими и взрослыми страхами. я лично боюсь пауков, маленьких таких, черных, домашних с большим пузом.",0
511,"олькапидораха порвалсь, пососал уже у пыни. как там интернет по талонам и паспорту.","это вашихфобий тред. делимся своими детскими и взрослыми страхами. я лично боюсь пауков, маленьких таких, черных, домашних с большим пузом.",0
512,"европа, скандинавия, развитая азия. а что ты сделал, чтобы быть ближе к ним.","это вашихфобий тред. делимся своими детскими и взрослыми страхами. я лично боюсь пауков, маленьких таких, черных, домашних с большим пузом.",0
513,"когда мне делали мрт и засунули в трубу, то обнаружил у себя клаустрофобию. раньше не знал. недавно смотрел видео про самую глубокую пещеру в мире, когда представлял себя там, аж тошнило.","это вашихфобий тред. делимся своими детскими и взрослыми страхами. я лично боюсь пауков, маленьких таких, черных, домашних с большим пузом.",1
514,схуяли изза помойной шутки я должен на poрашу пиздовать. кун,"это вашихфобий тред. делимся своими детскими и взрослыми страхами. я лично боюсь пауков, маленьких таких, черных, домашних с большим пузом.",0
515,"а, ещ я боюсь существ женского пола примерно подходящего возраста. потому что в детстве подрался с девочкой.","это вашихфобий тред. делимся своими детскими и взрослыми страхами. я лично боюсь пауков, маленьких таких, черных, домашних с большим пузом.",1
516,"этож генетическая хуйня. в коде написанно что к паукам не надо приблежаться, хули с них пользы то. а убыль вполне восможна, ген же вс ещ африканских опасных пауков помнит.","это вашихфобий тред. делимся своими детскими и взрослыми страхами. я лично боюсь пауков, маленьких таких, черных, домашних с большим пузом.",1
517,"проиграл. а что я должен был сделать. политику питуна поддерживать и угрожать всему миру с флагами едросов. вот както мамка меня тут в бараке рашкинском высрала, а не гдето там в нормальном мире.","это вашихфобий тред. делимся своими детскими и взрослыми страхами. я лично боюсь пауков, маленьких таких, черных, домашних с большим пузом.",0
518,"а потом боялся что по ту сторону зеркала не я, а пришелец. а если наоборот.","это вашихфобий тред. делимся своими детскими и взрослыми страхами. я лично боюсь пауков, маленьких таких, черных, домашних с большим пузом.",1
519,"я думаю эта тварь злая как носорог, пиздился бы с ней на ринге пока один из нас не умер","это вашихфобий тред. делимся своими детскими и взрослыми страхами. я лично боюсь пауков, маленьких таких, черных, домашних с большим пузом.",1
520,"потому что твоя мамка пидорашка. и ты тоже. у тебя это в генах. а я рожден в районе белых людей, а не в хрущебском гетто.","это вашихфобий тред. делимся своими детскими и взрослыми страхами. я лично боюсь пауков, маленьких таких, черных, домашних с большим пузом.",0
521,"тогда ты съеби с доски. b для таких аутистов вроде меня. спасибо, абу. абу благословил этот пост.","это вашихфобий тред. делимся своими детскими и взрослыми страхами. я лично боюсь пауков, маленьких таких, черных, домашних с большим пузом.",0
522,"po для таких аутистов вроде меня. спасибо что напомнил, я пофиксил и зарепортил тебя абу.","это вашихфобий тред. делимся своими детскими и взрослыми страхами. я лично боюсь пауков, маленьких таких, черных, домашних с большим пузом.",0
523,"пиздецки боюсь сраных пауков, а еще клоунов и манекеновкукол, эти фарфоровые трупы пизда какие стрмные","это вашихфобий тред. делимся своими детскими и взрослыми страхами. я лично боюсь пауков, маленьких таких, черных, домашних с большим пузом.",1
524,"адекватный страх, бырю расскажет что ты на не смотришь, он увидит твою хлюплую морду и зубы выбьет.","это вашихфобий тред. делимся своими детскими и взрослыми страхами. я лично боюсь пауков, маленьких таких, черных, домашних с большим пузом.",1
525,"безумно боюсь старости, боюсь даже представить себя после лет. надеюсь, что смогу сдохнуть пораньше.","это вашихфобий тред. делимся своими детскими и взрослыми страхами. я лично боюсь пауков, маленьких таких, черных, домашних с большим пузом.",1
526,"онихофобия. точнее не боязнь самих ногтей, а действий с ними.","это вашихфобий тред. делимся своими детскими и взрослыми страхами. я лично боюсь пауков, маленьких таких, черных, домашних с большим пузом.",1
527,"боюсь колючею проволоку и иголки, когда вижу прям глаза болят","это вашихфобий тред. делимся своими детскими и взрослыми страхами. я лично боюсь пауков, маленьких таких, черных, домашних с большим пузом.",1
528,думаешь все знают что онихо это ногти по латыни. а так то ты ебанутый конечно,"это вашихфобий тред. делимся своими детскими и взрослыми страхами. я лично боюсь пауков, маленьких таких, черных, домашних с большим пузом.",0
529,"трипл пиздеть не будет. да, я ебанутый.","это вашихфобий тред. делимся своими детскими и взрослыми страхами. я лично боюсь пауков, маленьких таких, черных, домашних с большим пузом.",0
530,пинаю этого петушка пикрелейтедом пятидесятого размера.,"идшь по улице. чувствуешь запах вишнималины, шоколада, черники, спермы, мяты, поворачиваешься и видишь пикрилейтед. твои действия.",1
531,"братишка, какую жижу паришь. премка или самозамес. какое соотношение. о, нифига у тебя дрипка пиздатая, дай затянусь разок. а намотка какая. клэптон. параллелька.","идшь по улице. чувствуешь запах вишнималины, шоколада, черники, спермы, мяты, поворачиваешься и видишь пикрилейтед. твои действия.",1
532,"никаких, мб скажу клвый пар, спрошу где жижу брал, если годно.","идшь по улице. чувствуешь запах вишнималины, шоколада, черники, спермы, мяты, поворачиваешься и видишь пикрилейтед. твои действия.",1
533,"никаких действий, пусть парит где хочет, законом не запрещено","идшь по улице. чувствуешь запах вишнималины, шоколада, черники, спермы, мяты, поворачиваешься и видишь пикрилейтед. твои действия.",1
534,"хватаю его за жопу, целую взасос, затем ставлю раком и начинаю жестко ебать в анус.","идшь по улице. чувствуешь запах вишнималины, шоколада, черники, спермы, мяты, поворачиваешься и видишь пикрилейтед. твои действия.",1
535,мне доставляет запах ароматизированного пара из вэйпов это же в раз лучше чем сигаретный смог,"идшь по улице. чувствуешь запах вишнималины, шоколада, черники, спермы, мяты, поворачиваешься и видишь пикрилейтед. твои действия.",1
536,"правильно смок, а если еще правильней, то смоук","идшь по улице. чувствуешь запах вишнималины, шоколада, черники, спермы, мяты, поворачиваешься и видишь пикрилейтед. твои действия.",1
537,"зову в ближайший барбершоп, делаю себе андеркат, подкатываю подвороты, идем в местный антикафе, далее мы идм в элитный магазин одежды, закупаемся хайповым шмотом. едем ко мне домой, смотрим твич, а по","идшь по улице. чувствуешь запах вишнималины, шоколада, черники, спермы, мяты, поворачиваешься и видишь пикрилейтед. твои действия.",1
538,"если этот хуй из дс, то я его знаю.","идшь по улице. чувствуешь запах вишнималины, шоколада, черники, спермы, мяты, поворачиваешься и видишь пикрилейтед. твои действия.",0
539,"так он из дс. это тма компот, он тусовался раньше в орехово на сходке bmxеров. редкостный долбоб и пиздабол.","идшь по улице. чувствуешь запах вишнималины, шоколада, черники, спермы, мяты, поворачиваешься и видишь пикрилейтед. твои действия.",0
540,я забыл знак вопроса поставитьтак он из дс.,"идшь по улице. чувствуешь запах вишнималины, шоколада, черники, спермы, мяты, поворачиваешься и видишь пикрилейтед. твои действия.",0
541,"не чувствую, не поворачиваюсь, не вижу.","идшь по улице. чувствуешь запах вишнималины, шоколада, черники, спермы, мяты, поворачиваешься и видишь пикрилейтед. твои действия.",1
542,"чрт тот мудак, который в твою мамашу кончил. артмка, тебя заебало машины дерьмовые на каширском загонять что ли.","идшь по улице. чувствуешь запах вишнималины, шоколада, черники, спермы, мяты, поворачиваешься и видишь пикрилейтед. твои действия.",0
543,заходишь в подъезд и видишь пикрелейтед. твои действия.,"идшь по улице. чувствуешь запах вишнималины, шоколада, черники, спермы, мяты, поворачиваешься и видишь пикрилейтед. твои действия.",1
544,"ээээ бля, ты чо охуел. бля кто чрт бля, кто чрт ебать, да тебе пизда сука. это ты тот самый школьник, ебать который у прилавка с жижей крутился без денег и которого я выгнал. пидарас блять, сын собаки","идшь по улице. чувствуешь запах вишнималины, шоколада, черники, спермы, мяты, поворачиваешься и видишь пикрилейтед. твои действия.",1
545,"иду вчера по мясницкой в дс. затянулся, выдохнул. обгоняют двое. один другому хотел сказать фу, а приятно.","идшь по улице. чувствуешь запах вишнималины, шоколада, черники, спермы, мяты, поворачиваешься и видишь пикрилейтед. твои действия.",1
546,"не, компот. я постарше тебя буду. вс так же с малолетками встречаешься. фронсайд ещ не разучился делать.","идшь по улице. чувствуешь запах вишнималины, шоколада, черники, спермы, мяты, поворачиваешься и видишь пикрилейтед. твои действия.",0
547,помогаю одноногому добраться до квартиры,"идшь по улице. чувствуешь запах вишнималины, шоколада, черники, спермы, мяты, поворачиваешься и видишь пикрилейтед. твои действия.",0
548,ставлю знак ладошками и говорю вейп нейш.,"идшь по улице. чувствуешь запах вишнималины, шоколада, черники, спермы, мяты, поворачиваешься и видишь пикрилейтед. твои действия.",1
549,почему у него такой грустный взгляд.,"идшь по улице. чувствуешь запах вишнималины, шоколада, черники, спермы, мяты, поворачиваешься и видишь пикрилейтед. твои действия.",0
550,"лол, знаю этого чувака. скажу привет, братишка, что паришь. дай закапать","идшь по улице. чувствуешь запах вишнималины, шоколада, черники, спермы, мяты, поворачиваешься и видишь пикрилейтед. твои действия.",1
551,"когда он в орехово катался, седушка от bmx отлетела во время прыжка и трубка, на котором крепится седло, впилась ему в зад.","идшь по улице. чувствуешь запах вишнималины, шоколада, черники, спермы, мяты, поворачиваешься и видишь пикрилейтед. твои действия.",0
552,что значит сочно отсасываем? почему именно сочно?,"идшь по улице. чувствуешь запах вишнималины, шоколада, черники, спермы, мяты, поворачиваешься и видишь пикрилейтед. твои действия.",0
553,"почему мне должно быть не похуй. сам я электронику предпочитаю курить дома, на улице обычные сигареты.","идшь по улице. чувствуешь запах вишнималины, шоколада, черники, спермы, мяты, поворачиваешься и видишь пикрилейтед. твои действия.",1
554,"бля, но один в один похож на моего старого знакомого. правда, тот редкостный долбоб.","идшь по улице. чувствуешь запах вишнималины, шоколада, черники, спермы, мяты, поворачиваешься и видишь пикрилейтед. твои действия.",0
555,"очевидно же, затянусь его волосатым вейпом.","идшь по улице. чувствуешь запах вишнималины, шоколада, черники, спермы, мяты, поворачиваешься и видишь пикрилейтед. твои действия.",1
556,"это простительно когда парят долбятся дома со своими вупами, а вот когда на двач заливают посты вроде гы, гы пацаны, сегодня шел с универа со школы и так круто попарил, все на меня смотрели, вот это к","идшь по улице. чувствуешь запах вишнималины, шоколада, черники, спермы, мяты, поворачиваешься и видишь пикрилейтед. твои действия.",1
557,"двачую, был у меня один такой знакомый. могу сказать то, что ты прав. все эти дымоиспускания для чсвшных мразей, чисто чтобы повыебываться. пример тому волнов.","идшь по улице. чувствуешь запах вишнималины, шоколада, черники, спермы, мяты, поворачиваешься и видишь пикрилейтед. твои действия.",1
558,"ну раз молдавани не открыты для общения, тогда я сьебую","ребят, поясните за молдовию. помоему это как россия или украина только правильная и хорошая. молдовани, как вам там вообще живется то.",1
